,FSV,M,g,l,max_delta,max_ll,max_mu_hat,max_s2_t_hat,model,n,s2_FSV,s2_logdelta,time,BIC,max_ll_null,LLR,pval,qval
0,0.44678424350206086,4,AFAP1,14.49017431303541,1.2375943418887572,-718.4962268985257,-4.914279274888999,8.920526648692963,SE,1056,0.003070154686037042,0.05854739760724463,0.0009381771087646484,1464.8414276541162,-725.6045019091714,7.108275010645684,0.007672891002979965,0.01567938596261123
1,0.31677287580531255,4,AKAP11,14.49017431303541,2.1557516890069657,-363.6891971903617,-4.3122889188705935,5.11179088294927,SE,1056,0.00474031475172046,0.11177471806066985,0.001071929931640625,755.2273682377883,-367.28500271224425,3.5958055218825393,0.057925549581849145,0.07633179898168906
2,0.38664386129459155,4,ANKH,14.49017431303541,1.58556196663044,-678.6277212750852,-4.180206023167919,5.737177273564805,SE,1056,0.00341096303928556,0.06945101547808699,0.0010590553283691406,1385.104416407235,-684.0463161576461,5.41859488256091,0.019923387443338214,0.03424459071298038
3,0.17803194383374185,4,ARL10,14.49017431303541,4.614648531474919,-682.3086312309479,-4.03199385908804,2.6891642468293053,SE,1056,0.008143315159495956,0.36982544344736223,0.0022339820861816406,1392.4662363189605,-683.4095103287424,1.1008790977945182,0.29407326002221945,0.3343897553478463
4,0.318807581664391,4,BUB3,14.49017431303541,2.13561413907876,-579.5337766487862,-4.134801844864603,4.747708770543588,SE,1056,0.004349770575274931,0.10199954738524751,0.0011060237884521484,1186.9165271546372,-583.2500621838036,3.7162855350173913,0.05388411641105817,0.07305442705730002
5,0.35929937752096724,4,Blank-4,14.49017431303541,1.7822979351229058,-770.406584704412,-4.00980858144175,4.980447356510163,SE,1056,0.0040836845487625135,0.08718683473131014,0.001051187515258789,1568.6621432658887,-774.802122691774,4.39553798736199,0.03603308947852557,0.05404963421778835
6,0.35577808877978295,4,Blank-9,14.49017431303541,1.8098305587742554,-680.473454646271,-3.831690632856357,4.5033475043900495,SE,1056,0.003576154081002326,0.0768867055829079,0.001032114028930664,1388.7958831496067,-685.0574527862067,4.583998139935716,0.032271832059092564,0.04946009043839187
7,0.32867854286959464,4,CBL,14.49017431303541,2.0414596406955288,-366.58256321531076,-4.1149556710086435,4.80930973292288,SE,1056,0.003201728098373753,0.0731748195124523,0.0010402202606201172,761.0141002876863,-371.23778904346887,4.655225828158109,0.030959159874011433,0.04796968727731442
8,0.3102682202449793,4,CDYL2,14.49017431303541,2.2219002872344165,-528.8631031142039,-4.636537620178597,5.81159240077705,SE,1056,0.0032261904168915272,0.07747514998337042,0.0011811256408691406,1085.5751800854725,-532.1572407547197,3.294137640515828,0.06952760797244006,0.08993938279003715
9,0.373015139267065,4,CEMIP,14.49017431303541,1.6800113612625365,-646.2334783340339,-4.304441768469306,5.8913660127312895,SE,1056,0.005335474174370611,0.11106941663357466,0.0010612010955810547,1320.3159305251324,-650.3283532927859,4.09487495875203,0.043013411498781906,0.06126152546796211
10,0.13549683136105742,4,DIEXF,14.49017431303541,6.3770390002420765,-609.9321624742827,-4.7342200996764765,2.8632358738737684,SE,1056,0.013032481178007349,0.8738490017455117,0.0019369125366210938,1247.71329880563,-610.5297062379191,0.5975437636363949,0.43951672908633976,0.4659538255727362
11,0.16171381259015444,4,DOPEY1,14.49017431303541,5.181157767382841,-672.8613709834202,-4.264494146468292,2.7483641148220004,SE,1056,0.00836442737107841,0.4337540181718531,0.0022439956665039062,1373.5717158239052,-673.8538503317551,0.9924793483348822,0.3191371541968483,0.3599640165137987
12,0.31126236546152813,4,DSEL,14.49017431303541,2.2116114205043487,-667.4275844722582,-4.6409756634526085,5.8538136702315215,SE,1056,0.005016944806288168,0.12013621105743859,0.0009961128234863281,1362.7041428015812,-670.7938487858863,3.3662643136281076,0.06654448727476836,0.0868775250531698
13,0.10338925263249832,4,FAF2,14.49017431303541,8.667825651578806,-481.4223616217357,-4.612341965089221,2.1027011204559556,SE,1056,0.01289369352285944,1.316200169274574,0.0028929710388183594,990.6936971005363,-481.84938919123294,0.427027569497227,0.5134510906386833,0.5362711391115137
14,0.14867641755066383,4,FAM208B,14.49017431303541,5.723137746251947,-455.89638960268235,-4.200240310745878,2.4565583717118376,SE,1056,0.0067981733687134316,0.3975390341452421,0.0029239654541015625,939.6417530624295,-456.8383660411937,0.9419764385113467,0.3317700700649734,0.368343148654813
15,0.33364726445617565,4,FBN1,14.49017431303541,1.996173285983232,-627.1152756456731,-4.332531088914483,5.421611633127287,SE,1056,0.005117456178456927,0.11553871648849412,0.0010540485382080078,1282.079525148411,-630.7720416540033,3.6567660083301234,0.05584192511990993,0.07498772801816476
16,0.33859377930462803,4,FYCO1,14.49017431303541,1.9524095492806615,-632.3537071608828,-4.068232059758858,4.849700758226974,SE,1056,0.004730347269822998,0.10555689241958777,0.0011818408966064453,1292.5563881788303,-636.1434532614929,3.7897461006101594,0.05156747012792484,0.0712844440003667
17,0.42991397112460045,4,FZD4,14.49017431303541,1.3253801496812088,-378.65703595063655,-4.158954217792671,6.1692142973209965,SE,1056,0.0021246916063090717,0.041061576073041214,0.0010650157928466797,785.163045758338,-386.827128204161,8.170092253524444,0.00425867407658298,0.009531318171400002
18,0.20802720765947694,4,GPR107,14.49017431303541,3.8051496822812503,-390.44320293530313,-3.9422177472863233,2.9465027150004146,SE,1056,0.004415584515778693,0.16371618007144992,0.002405881881713867,808.7353797276711,-392.28334863110285,1.8401456957997198,0.17493387177100872,0.21081774290352331
19,0.4939370541217028,4,HERC2,14.49017431303541,1.0240344208797645,-353.2799710248464,-4.355470369457492,7.576619429990252,SE,1056,0.0028028685102381495,0.052512050810549514,0.001123189926147461,734.4089159067577,-362.45222177058486,9.172250745738438,0.002457121981045085,0.006415818506062166
20,0.3570053621684116,4,KIF13B,14.49017431303541,1.800172963456604,-573.110602197849,-4.139981164909847,5.24584832853879,SE,1056,0.002177488264217021,0.046700580259581764,0.0010209083557128906,1174.0701782527626,-579.2120787903316,6.101476592482641,0.013506897477774893,0.025392967258216798
21,0.21618632960089856,4,NKTR,14.49017431303541,3.6238167523033695,-423.1983692081544,-3.1366656944262314,1.9428955628134768,SE,1056,0.007062418839294152,0.24968177536534056,0.0023190975189208984,874.2457122733737,-424.8301804127857,1.6318112046312763,0.201452716435635,0.23828746947716098
22,0.2638708435160221,4,NRIP1,14.49017431303541,2.7883304209856434,-643.3434087242496,-3.8131060709240225,3.433603763521132,SE,1056,0.0037573273768606204,0.1057394726710124,0.001378774642944336,1314.5357913055639,-646.1007302490284,2.757321524778831,0.09681019928031365,0.1207985672435772
23,0.3459798905429073,4,PAPPA,14.49017431303541,1.8893911111923376,-666.2263280875566,-4.079214103683944,4.971343895324884,SE,1056,0.0024843086191896815,0.054522509589494964,0.0009818077087402344,1360.3016300321779,-671.7987841632852,5.57245607572861,0.01824515135088911,0.031920367137258175
24,0.42639304989642074,4,PLXNA2,14.49017431303541,1.34457771949981,-650.4055020892952,-4.658896577009757,7.710309853868639,SE,1056,0.002061607832069228,0.03997271017714074,0.000990152359008789,1328.659978035655,-658.6565569109866,8.251054821691469,0.004072832705902085,0.009262409863422484
25,0.4065974995779609,4,POLQ,14.49017431303541,1.4587010353952024,-661.349272991114,-4.920364878945223,8.25694492952868,SE,1056,0.003641551602232948,0.07214347405905451,0.0010759830474853516,1350.5475198392928,-667.3405053559387,5.991232364824668,0.014377154646557644,0.026326997469670488
26,0.1956036997580977,4,PRDM2,14.49017431303541,4.110310421833465,-298.0617942086524,-3.829567556059945,2.626670748592595,SE,1056,0.006345514739977287,0.254441285708007,0.001993894577026367,623.9725622743696,-299.54714738754024,1.4853531788878627,0.2229388423996248,0.2597882378375793
27,0.213518765660461,4,PROSER1,14.49017431303541,3.681577417029874,-495.94688753988623,-4.263513757991335,3.52998295274155,SE,1056,0.003802663551836721,0.13650280715943594,0.0021817684173583984,1019.7427489368373,-497.95737223788865,2.010484698002415,0.1562154022296347,0.18988251477912493
28,0.31784679733037724,4,SIPA1L3,14.49017431303541,2.145090924674559,-609.4231531506308,-4.6959878573547345,6.094907359085042,SE,1056,0.003534682703381756,0.08310232374846813,0.001096963882446289,1246.6952801583263,-613.6465827891742,4.223429638543394,0.039869496629992396,0.05743616881006325
29,0.09254869562641235,4,SKP1,14.49017431303541,9.800193480018663,-667.0512348353984,-3.505648111010387,1.1044951031224541,SE,1056,0.014233049333099605,1.7398448551665255,0.0030059814453125,1361.9514435278616,-667.40637478219,0.3551399467916099,0.5512178531206691,0.5632008499276402
30,0.4210729174892409,4,SLC5A3,14.49017431303541,1.3741944175299843,-764.4767443696021,-4.243489468890866,6.36506815414468,SE,1056,0.0021978958286876828,0.04283968089139224,0.0010709762573242188,1556.802462596269,-772.430907523748,7.954163154145931,0.004797688738052308,0.010249607758566294
31,0.33351464883554754,4,SULT1C2,14.49017431303541,1.9973644561899784,-639.5995528408978,-4.399941483734191,5.589239590122318,SE,1056,0.003995017867713048,0.09022586432693326,0.0009999275207519531,1307.0480795388603,-643.8208269507411,4.221274109843307,0.03992017406656878,0.05743616881006325
32,0.2065880422669316,4,UBR5,14.49017431303541,3.838620552987355,-314.3981582653778,-3.7330739817084204,2.624795897838222,SE,1056,0.005785534107839437,0.2163841232791716,0.0018610954284667969,656.6452903878204,-316.05083088819015,1.6526726228123607,0.19859556286142366,0.2373048674869554
33,0.23101126017927148,4,CBX5,28.116048246071895,3.316766725804733,-438.4409158631481,-4.578620975245162,2.655468543863847,SE,1056,9.431039924145193e-05,0.0030794575329510755,0.0017399787902832031,904.7308055833611,-458.74884597653477,20.307930113386647,6.592677387340373e-06,2.655907176042836e-05
34,0.4015249850918731,4,CENPF,28.116048246071895,1.4851199979329652,-1213.3091386298358,-6.898913737724544,8.059879856837592,SE,1056,5.278575297646838e-05,0.0010524715949132197,0.0011341571807861328,2454.4672511167364,-1271.9724982517207,58.663359621884865,1.8762769116165146e-14,3.306938056724107e-13
35,0.24685495412063027,4,PRKCA,28.116048246071895,3.0399390259321555,-583.2114845669266,-4.8373676456117645,3.081163530580441,SE,1056,6.972095116987622e-05,0.0021098955067306003,0.0015299320220947266,1194.271942990918,-607.1016480364517,23.890163469525078,1.0199157447488005e-06,5.13600428605646e-06
36,0.19558498249146608,4,AMOTL1,54.55504895233003,4.051509661919753,-389.84128793973684,-4.427443697559893,1.005740066120231,SE,1056,5.533481910100008e-05,0.0022190799293041676,0.0015511512756347656,807.5315497365385,-434.70583833676096,44.86455039702412,2.1114554549228615e-11,2.126537279600882e-10
37,0.26259184940213204,4,ANKRD52,54.55504895233003,2.76629764072769,-400.0635953415634,-4.85184947602871,1.3031301198942504,SE,1056,5.990738461178502e-05,0.0016946460125779055,0.0013308525085449219,827.9761645401917,-459.45734234075144,59.39374699918801,1.2878587085651816e-14,2.594115398681294e-13
38,0.22367873763896398,4,CKAP5,54.55504895233003,3.418920424045828,-762.3490861286726,-6.261877352071904,2.0910102037096943,SE,1056,7.156296218112934e-05,0.0024277776756323906,0.0012731552124023438,1552.54714611441,-807.6832648671096,45.334178738437004,1.6612489162071142e-11,1.80181613219387e-10
39,0.22943459987067463,4,COL5A1,54.55504895233003,3.308436525664912,-553.3558517289464,-4.228425075169866,0.9739662234778024,SE,1056,4.87912673807476e-05,0.001606028109959652,0.001264810562133789,1134.5606773149575,-613.1527753321963,59.796923603249866,1.0547118733938987e-14,2.478572902475662e-13
40,2.030404539421607e-09,4,CRTAP,54.55504895233003,485165195.4097903,-427.6642734805664,-4.541821034433901,4.2789030431436645e-08,SE,1056,7.084605045617178e-05,12443027145214.604,0.0007529258728027344,883.1775208181976,-427.66451063355544,0.00023715298902970972,0.987713245028598,0.987713245028598
41,0.24500960006058536,4,FASN,54.55504895233003,3.035502135041554,-413.7877144157403,-4.014640146891923,0.8882479113129343,SE,1056,4.7179992102548304e-05,0.0014398294825257358,0.0013511180877685547,855.4244026885455,-484.7886812025198,71.00096678677949,0.0,0.0
42,0.19766932074526244,4,FBN2,54.55504895233003,3.9984009658809354,-528.6057822723949,-4.312153895678165,0.9663461322655864,SE,1056,8.537198132489586e-05,0.0033771800393183806,0.0014109611511230469,1085.0605384018545,-560.2077822002312,31.601999927836346,1.892346013221413e-08,1.5695340462601132e-07
43,0.23021643599270075,4,MALAT1,54.55504895233003,3.293855344438053,-493.47252212874264,-0.9588923832593231,0.08631366178984883,SE,1056,5.739076889886173e-05,0.0018815436302665508,0.0012638568878173828,1014.7940181145501,-549.8806606231182,56.40813849437552,5.88418203051333e-14,9.218551847804217e-13
44,0.16729974253746233,4,MYH10,54.55504895233003,4.903042310550405,-168.74675416750813,-4.4399057728050515,0.9565524244969867,SE,1056,7.164211834744186e-05,0.0035429366076490097,0.0015459060668945312,365.3424821920811,-198.9000442917195,30.153290124211367,3.9920935890336295e-08,2.8144259802687086e-07
45,0.22754885765031632,4,PRKDC,54.55504895233003,3.3440177565238427,-192.71359236432625,-4.826184497224819,1.2319695325310995,SE,1056,4.817963506664438e-05,0.0016014346138628146,0.0013728141784667969,413.2761585857173,-256.9578981446141,64.24430578028785,1.1102230246251565e-15,3.913536161803677e-14
46,0.1895662135202787,4,PRPF8,54.55504895233003,4.211422542743592,-199.30443872958392,-4.835355632435978,1.1759986452037037,SE,1056,8.356647061381112e-05,0.0034905514747095127,0.0015349388122558594,426.4578513162327,-229.54869116270152,30.244252433117595,3.809183746206202e-08,2.8144259802687086e-07
47,0.19708486904392727,4,SMARCA5,54.55504895233003,4.013179395540929,-292.4917549124102,-4.7093654447992535,1.1325359478211787,SE,1056,6.026976821439408e-05,0.002393277893993531,0.001547098159790039,612.8324836818853,-339.4577039662172,46.96594905380698,7.2231109982112685e-12,8.48715542289824e-11
48,0.281596197799192,4,SPTBN1,54.55504895233003,2.5131247678586406,-352.230653336401,-4.411110113975518,1.0996911733725805,SE,1056,5.286231295299021e-05,0.0013914206337377378,0.0012538433074951172,732.3102805298669,-424.9037978686831,72.6731445322821,0.0,0.0
49,0.21483634145930466,4,SRRM2,54.55504895233003,3.600183661725182,-200.61669886592892,-3.688113488049528,0.7171386625292435,SE,1056,7.104840187235525e-05,0.0025311722599629174,0.001394033432006836,429.0823715889227,-241.15883045037617,40.54213158444725,1.924218562265878e-10,1.695717607996805e-09
50,0.2827663773264861,4,THBS1,54.55504895233003,2.4986480484810882,-1118.3405210219944,-5.164217975535013,1.6175164980342942,SE,1056,4.981310659809376e-05,0.0013057622622074784,0.0012409687042236328,2264.5300159010535,-1194.8161489737088,76.47562795171439,0.0,0.0
51,0.2800124346122737,4,log_total_count,54.55504895233003,2.532910783792034,-624.8562226977217,7.133396558088388,2.8369690265803063,SE,1056,6.515173679064455e-05,0.0017245955902631595,0.0012600421905517578,1277.5614192525081,-678.0346585647559,53.17843586703418,3.0453417565468044e-13,4.2939318767309945e-12
52,0.2144140967583733,4,BSN,105.85603425285558,3.470268895400381,-641.7946068140424,-4.746666445924072,0.46750575111511317,SE,1056,0.00017198590180712923,0.006142001268724139,0.001203298568725586,1311.4381874851495,-702.4867376964639,60.692130882421566,6.661338147750939e-15,1.8784973576657649e-13
53,0.09256974725644933,4,C14orf132,105.85603425285558,9.284680354966104,-573.6884552608069,-3.100972110805068,0.17335764493527508,SE,1056,0.00010066359110975975,0.01230049016265502,0.0012040138244628906,1175.2258843786785,-604.0680822535498,30.379626992742942,3.552395688721788e-08,2.7827099561654006e-07
54,0.16516172276726374,4,C17orf51,105.85603425285558,4.787576534015202,-549.6992318343185,-4.470580395005519,0.3883134405141907,SE,1056,0.00015491521159369094,0.00779943530758229,0.0011379718780517578,1127.2474375257018,-590.7605343691496,41.06130253483104,1.475285449359376e-10,1.3867683223978133e-09
55,0.10876393673311767,4,CEP250,105.85603425285558,7.761231072837423,-551.7864740172888,-4.733957991147108,0.394107010200526,SE,1056,0.00016537450796683218,0.01556819897134672,0.0012149810791015625,1131.4219218916423,-578.8857431300997,27.09926911281093,1.9327100042598744e-07,1.0900484424025693e-06
56,0.11864400304896566,4,CHST3,105.85603425285558,7.036040866415119,-386.44548325196615,-4.721037679967429,0.39378437504608854,SE,1056,0.00016143503492189448,0.013256221667875054,0.0012171268463134766,800.7399403609971,-415.1720319343101,28.726548682343946,8.335317858154667e-08,4.896999241665867e-07
57,0.09500064653134088,4,CREBBP,105.85603425285558,9.022865607427246,-97.9873510202192,-4.261136334840715,0.30279992375916936,SE,1056,9.571913977501723e-05,0.011209068917804868,0.0011320114135742188,223.82367589750322,-126.93344447119853,28.946093450979333,7.442074878571958e-08,4.6255436822824164e-07
58,0.11889684272669397,4,DYNC1H1,105.85603425285558,7.019064220318153,-188.88043724054273,-4.058865595645338,0.29036165750669773,SE,1056,0.00018930743252537955,0.015493626807237424,0.0012671947479248047,405.6098483381503,-212.56394455624036,23.683507315697625,1.135514949957006e-06,5.520951998066822e-06
59,0.09797762369605295,4,GTF3C4,105.85603425285558,8.719933838350173,-395.45760056808854,-4.59748477944168,0.35935177864537815,SE,1056,0.00011249354944179817,0.012526511013879998,0.0011370182037353516,818.7641749932419,-424.37703336740833,28.919432799319793,7.545213098758552e-08,4.6255436822824164e-07
60,0.13092402179940973,4,LRP1,105.85603425285558,6.287256649699745,-606.973647481129,-3.2512009027461186,0.20944109627756632,SE,1056,0.00010713080618110566,0.007563953717401121,0.0012569427490234375,1241.7962688193227,-658.4383245791714,51.46467709804244,7.289724379688778e-13,9.344101250328343e-12
61,0.12720699127096827,4,LUZP1,105.85603425285558,6.498648670437396,-376.39269598391365,-4.4089447090183125,0.3503155961014844,SE,1056,0.00021765518678614227,0.016054423341123655,0.0012650489807128906,780.6343658248921,-399.14118703126314,22.74849104734949,1.846490722989813e-06,8.398554578760117e-06
62,0.10971186885065141,4,NHSL2,105.85603425285558,7.6859888725002214,-558.0508068994604,-4.218236770022558,0.31796848157380747,SE,1056,0.00014445728711773076,0.013413074115678717,0.001741170883178711,1143.9505876559856,-580.6047402124101,22.553933312949653,2.0432575852380452e-06,9.003103734955137e-06
63,0.10236120171708947,4,NOTCH2,105.85603425285558,8.30594441721542,-456.52402069266486,-4.396696332809022,0.33478014114345406,SE,1056,0.00010769812288564246,0.011172163227973517,0.0019378662109375,940.8970152423946,-481.55584289215494,25.03182219949008,5.639188630501835e-07,2.944909618150958e-06
64,0.08284887419935102,4,RP4-671O14.6,105.85603425285558,10.485208547382115,-621.4835277439208,-4.261401708565077,0.30459445907371985,SE,1056,0.00022690741450266092,0.03334652730771154,0.0031731128692626953,1270.8160293449064,-635.0338310754203,13.550303331499435,0.00023225388490455412,0.0007797094707510031
65,0.10190264341510841,4,SCUBE3,105.85603425285558,8.347583055225426,-681.1138455412292,-3.2336634604630854,0.19644944930501043,SE,1056,0.00011518565518893829,0.012035682303159443,0.0011229515075683594,1390.0766649395232,-711.0669540197906,29.953108478561376,4.4262173815035055e-08,2.9718888132952106e-07
66,0.09224617191812312,4,SLC7A11,105.85603425285558,9.32057095871455,-597.2050050575533,-4.915423760904204,0.40927093884541405,SE,1056,0.00010057132123909934,0.012360267224996987,0.0017418861389160156,1222.2589839721713,-623.950079346316,26.74507428876268,2.3214272504290534e-07,1.2589278550403713e-06
67,0.11757087095102312,4,ZNF592,105.85603425285558,7.108907790807919,-389.56478910051055,-4.551467810696464,0.3665412980378531,SE,1056,0.00015032855812489187,0.012519988887342725,0.0012819766998291016,806.9785520580859,-412.40316234817055,22.83837324766,1.7621207401008476e-06,8.281967478473983e-06
68,0.07147676729128101,4,AFF4,205.39803744898202,10.823407795791516,-363.47065382774144,-3.574933244465384,0.09029391199356822,SE,1056,0.0003123047533985598,0.05900627308956027,0.0011348724365234375,754.7902815125477,-383.7017039010623,20.23105007332083,6.862991037914767e-06,2.6880048231832838e-05
69,0.05051567051266055,4,AGAP1,205.39803744898202,15.660218915154685,-422.7147664229419,-3.655184419285018,0.08760527950726835,SE,1056,0.0002599285599739233,0.0905550817904243,0.001004934310913086,873.2785067029487,-435.71704162259266,13.00227519965074,0.00031111272778416854,0.0010201603399434365
70,0.017401420836218543,4,AGO3,205.39803744898202,47.04652720112594,-549.0902110513318,-4.2203727053274305,0.08882465967223123,SE,1056,0.00012458509324257317,0.3201129830498189,0.0018031597137451172,1126.0293959597284,-552.1511493154741,3.060938264142237,0.08019534926801908,0.10186976798910531
71,0.03393468335101471,4,AGPS,205.39803744898202,23.719134548968476,-491.7669005809628,-4.478514221423599,0.11773703771793265,SE,1056,0.000368756386541148,0.26644348675528445,0.0018048286437988281,1011.3827750189904,-497.165045785909,5.398145204946218,0.02015816332749909,0.03424459071298038
72,0.06197767617598399,4,AHDC1,205.39803744898202,12.609969464894704,-372.49038306589296,-3.8785067896994994,0.10133824441969193,SE,1056,0.0007412098661442295,0.17947554163096963,0.0011110305786132812,772.8297399888507,-383.53440320440086,11.044020138507904,0.0008897371607028415,0.002613602909564597
73,0.050167509988534885,4,ALPK2,205.39803744898202,15.774682411895785,-750.5607981792809,-4.345605909624647,0.12723189844380486,SE,1056,0.0008922594435732377,0.31474430503139617,0.0019180774688720703,1528.9705702156266,-755.7699726146485,5.209174435367572,0.022468000969164348,0.037270448666496155
74,0.034641505368581176,4,ASCC3,205.39803744898202,23.218171537200252,-560.8274839731209,-5.06041610753004,0.15017160180738606,SE,1056,0.00044498273984876007,0.3094126694477793,0.0024042129516601562,1149.5039418033066,-564.6362615715411,3.8087775984201926,0.05098464665399616,0.07117658592290553
75,0.056678295925940245,4,BRCA2,205.39803744898202,13.866893871133849,-641.9137196010395,-4.981865101649847,0.16406620596563587,SE,1056,0.0002599652691918942,0.07371715376156344,0.0011568069458007812,1311.6764130591437,-657.8762610561249,15.962541455085443,6.460830871601875e-05,0.000239730829709438
76,0.042966163063728045,4,Blank-1,205.39803744898202,18.558243550595744,-728.4384161610294,-3.734378052424053,0.09311970657205558,SE,1056,0.00026765130738193955,0.1250805094282864,0.0017688274383544922,1484.7258061791235,-736.9975814788925,8.559165317863062,0.003437870063465742,0.008215926761841859
77,0.017948640295581797,4,Blank-10,205.39803744898202,45.58676733984538,-593.4635915696231,-3.44599759004664,0.06127201210813954,SE,1056,0.00013739879200617066,0.33258226659828793,0.0022678375244140625,1214.7761569963109,-596.6734279229145,3.2098363532913936,0.07319680396863126,0.0938249941779728
78,0.022739259748149162,4,Blank-2,205.39803744898202,35.807193137348186,-735.0770581190372,-3.4659053327140534,0.06799785767004893,SE,1056,0.0001892803024182255,0.29108741767575014,0.0026390552520751953,1498.0030900951392,-738.822245348021,3.7451872289838093,0.052959793772829444,0.07249835846571798
79,0.013102941944767743,4,Blank-3,205.39803744898202,62.75367827002089,-711.3037395391486,-3.5690286950092887,0.059770356261115695,SE,1056,0.00015609032307541874,0.6950003322687521,0.0028841495513916016,1450.456452935362,-712.5922058222876,1.2884662831389733,0.2563307876136871,0.2938426101912998
80,0.03150335894910459,4,Blank-5,205.39803744898202,25.61400007898357,-693.1802587936315,-3.749111350858066,0.0854493189874976,SE,1056,0.00012385103886876863,0.10282137139809072,0.002480030059814453,1414.2094914443278,-701.1608498892193,7.9805910955877835,0.004728150151919741,0.010249607758566294
81,0.038852318396504694,4,Blank-6,205.39803744898202,20.611487383865438,-616.8491226787528,-3.53490185303468,0.08017748692095479,SE,1056,0.00022588515952791144,0.12699413061410916,0.0018889904022216797,1261.5472192145703,-626.0378919465579,9.188769267805128,0.0024350456459151237,0.006415818506062166
82,0.011931657263283765,4,Blank-7,205.39803744898202,68.9957538973827,-648.3287439511255,-3.8521830667862274,0.06641873212258612,SE,1056,0.00021114544267524622,1.1283231304287693,0.0028259754180908203,1324.5064617593157,-649.1886633524176,0.8599194012921316,0.3537612475342501,0.3896901242369474
83,0.03984436363051559,4,Blank-8,205.39803744898202,20.07755803927322,-736.040735516586,-3.685003961877991,0.0892523286714385,SE,1056,0.0005768609917314247,0.3095939378644504,0.0015070438385009766,1499.9304448902367,-742.3512610913136,6.310525574727649,0.01200232546791491,0.02318257384898633
84,0.03875450516056952,4,CCDC113,205.39803744898202,20.6656119765401,-695.2977344200347,-4.033375362469978,0.10304886893343124,SE,1056,0.00016800758078130198,0.09489517289469813,0.0021848678588867188,1418.444442697134,-705.1378651133277,9.840130693293077,0.0017074536589528622,0.004629826267545261
85,0.040886147203733195,4,CNR2,205.39803744898202,19.54475024219631,-554.8607149493212,-4.249630232120217,0.11223482428516762,SE,1056,0.0007491863726044411,0.38344451210319846,0.0017688274383544922,1137.570403755707,-559.21649369897,4.3557787496488345,0.03688359240077588,0.05474301608957261
86,0.05381379063143423,4,DIP2B,205.39803744898202,14.649377769263829,-301.8313742278974,-4.062217796277491,0.10600735861948361,SE,1056,0.0008027135162289967,0.24966159130135746,0.0017616748809814453,631.5117223128597,-308.8172186427182,6.985844414820804,0.00821568823967056,0.016548743454193555
87,0.036846278759086866,4,DNAJC13,205.39803744898202,21.77900942111212,-563.782037336933,-4.2929489908474014,0.11174562475921458,SE,1056,0.0009120681150857251,0.5655566772496321,0.004198789596557617,1155.4130485309306,-565.4041472124034,1.6221098754704144,0.20279784636354126,0.23828746947716098
88,0.03233707807095584,4,EGFR,205.39803744898202,24.932135273371486,-620.5405796277371,-4.680378174747682,0.12824258844796474,SE,1056,0.00012732362311592161,0.10066195583580813,0.0027489662170410156,1268.930133112539,-627.0726707792555,6.532091151518443,0.010594533183111321,0.020747627483593004
89,0.02280128088369501,4,FAM184B,205.39803744898202,35.70752868250186,-634.3160922599502,-3.838268304081612,0.08086216741294316,SE,1056,0.00010487476117005957,0.1604474462137776,0.0018260478973388672,1296.4811583769651,-640.3417390429149,6.025646782964714,0.014099464059453615,0.026158216215565258
90,0.008806506273522273,4,FZD5,205.39803744898202,93.77583569086094,-609.0609486556441,-4.365841548598154,0.07516518704864872,SE,1056,0.000257556206771721,2.4941337003502997,0.0034339427947998047,1245.970871168353,-609.8108579518905,0.7499092962464147,0.38650494963428594,0.4128575598366236
91,0.020324599090887217,4,HEATR5B,205.39803744898202,40.16024603834224,-547.3519530912813,-4.004736327819573,0.08402178420263623,SE,1056,8.331639273452795e-05,0.15881168255653538,0.0024330615997314453,1122.5528800396273,-552.915594688396,5.563641597114724,0.01833723218523342,0.031920367137258175
92,0.01218886495568509,4,IGF2R,205.39803744898202,67.52223378784537,-650.6032710327281,-3.4142325729465752,0.053215817163116075,SE,1056,7.116823335836213e-05,0.3648151677907891,0.0019299983978271484,1329.055515922521,-653.4517291566834,2.848458123955311,0.09146161534253439,0.11514364074372632
93,0.03407571693299658,4,IL17RA,205.39803744898202,23.61751672691235,-586.3559412584993,-3.7493629190528353,0.08565523331988968,SE,1056,0.00018438434296732642,0.13220069626910183,0.002079010009765625,1200.5608563740634,-595.3052408062576,8.9492995477583,0.0027757599820222856,0.0069889670975918266
94,0.02145369921793208,4,ITPR2,205.39803744898202,38.002777703534626,-670.5641080442313,-3.5418832813494445,0.06878109693059357,SE,1056,0.00010800957724015216,0.1856325120573463,0.003053903579711914,1368.9771899455272,-675.8043137221623,5.240205677931044,0.022070664491185443,0.037047186824489854
95,0.04146055194738237,4,KIAA1147,205.39803744898202,19.262429426724257,-577.3799134119809,-3.967850399082324,0.09962421747144852,SE,1056,0.0003167542801369495,0.1580209071934992,0.0023980140686035156,1182.6088006810264,-585.7612157675751,8.381302355594244,0.003791006766465599,0.008762818919207369
96,0.01583014847490561,4,KIAA1462,205.39803744898202,51.79898120444397,-610.672119772106,-4.234449331607524,0.0872648268528208,SE,1056,7.191011632627302e-05,0.22183530304528817,0.0021660327911376953,1249.1932134012768,-614.2960706388352,3.6239508667291602,0.05695347033799869,0.07575886148733789
97,0.06305440943444192,4,KLHL9,205.39803744898202,12.380410886734323,-556.5117267074111,-4.173453002466229,0.12019769596746636,SE,1056,0.001046451651399444,0.24584202409253944,0.002274036407470703,1140.8724272718869,-560.3218173880844,3.8100906806732837,0.05094469234139054,0.07117658592290553
98,0.0381878406979141,4,KPNA4,205.39803744898202,20.984629712531955,-601.1135638600133,-5.070777125810873,0.1546679473439175,SE,1056,0.0003254375042095765,0.1888820673994696,0.0023539066314697266,1230.0761015770913,-609.5074133146705,8.393849454657243,0.0037649273957818252,0.008762818919207369
99,0.03329898959780677,4,LMTK2,205.39803744898202,24.187849963369047,-338.1927694064061,-4.0992385226979415,0.0976679998889278,SE,1056,0.0002075518739852978,0.15534811956452413,0.001756906509399414,704.2345126698771,-345.3199509524543,7.1271815460481776,0.0075923979452432455,0.01567938596261123
100,0.02366209577611964,4,MAN1A2,205.39803744898202,34.37819665402906,-496.7591720133553,-3.955791758758585,0.08516230948724272,SE,1056,0.0001386335145460346,0.1976347753710826,0.0018990039825439453,1021.3673178837754,-501.7882856629303,5.029113649575038,0.024924650958771277,0.040395123967663794
101,0.06096536241980945,4,MCF2L,205.39803744898202,12.833189328942225,-725.1165554338888,-3.8370924056916764,0.10755486813974775,SE,1056,0.0002706711668335669,0.06746604046423603,0.0011551380157470703,1478.0820847248424,-742.0136973395519,16.897141905663034,3.946095499030022e-05,0.0001503782338819549
102,0.023241418689217547,4,MED14,205.39803744898202,35.015533702426744,-524.5237606699095,-4.872943972210575,0.12665919830398384,SE,1056,0.00020531718566533123,0.3028714436754509,0.0018491744995117188,1076.8964951968837,-529.1912651710852,4.667504501175699,0.03073856093406413,0.04796968727731442
103,0.02170370921227084,4,PHIP,205.39803744898202,37.55541747668162,-578.8488310937478,-4.926626794342794,0.12754990352254308,SE,1056,0.0001792133158846931,0.3012597244390754,0.002028942108154297,1185.5466360445603,-583.8053010753836,4.9564699816357916,0.025993217183893136,0.041648222987828776
104,0.018934523173695445,4,PIK3CA,205.39803744898202,43.16977348248439,-663.5900854178942,-3.917524960711966,0.07988184135257384,SE,1056,8.580255637148266e-05,0.18737934266046474,0.0024602413177490234,1355.0291446928532,-668.6454640586519,5.055378640757681,0.02454961734721628,0.040249954022761575
105,0.09974721444836901,4,PLXNA1,205.39803744898202,7.5196884348458894,-341.84027638136945,-4.60426033559515,0.15229853670652777,SE,1056,0.000839457329412138,0.09079883366354037,0.0011789798736572266,711.5295266198037,-353.81038360465527,11.970107223285822,0.0005406083048231647,0.0016939060217792494
106,0.04404240729248328,4,PRRC2B,205.39803744898202,18.08438429951435,-326.5194083526924,-4.222931526661513,0.10969691373861293,SE,1056,0.00016569290733973866,0.07401154961827001,0.002349853515625,680.8877905624496,-340.5168508283698,13.997442475677417,0.00018305946255603445,0.0006452846055100214
107,0.11611336821869965,4,PTPN14,205.39803744898202,6.342354188542897,-469.4350748650327,-4.187563566195619,0.13765806545600764,SE,1056,0.0016339191228182566,0.13875449118930863,0.001257181167602539,966.7191235871302,-480.024303131442,10.58922826640935,0.0011374844860082556,0.0032565981329447614
108,0.017554510738973933,4,RAB3B,205.39803744898202,46.62897646222118,-666.5478779186926,-5.21602554248899,0.13505436410152072,SE,1056,0.00010064631124081998,0.2542723846660868,0.0026078224182128906,1360.94472969445,-670.801671473059,4.253793554366325,0.039162756006400956,0.05743616881006325
109,0.04100809114801424,4,RAD51D,205.39803744898202,19.48415330896173,-534.5240159214791,-4.078305665005679,0.10378618588862272,SE,1056,0.000355919253174189,0.18117119567170845,0.002051830291748047,1096.8970057000229,-541.6331728007802,7.1091568793011675,0.007669117190271635,0.01567938596261123
110,0.05363364868211271,4,RBM20,205.39803744898202,14.701379773171933,-617.1706585615314,-4.663448186873989,0.14304465979463074,SE,1056,0.00021210440820528084,0.06636578438382154,0.001010894775390625,1262.1902909801274,-637.645110729938,20.47445216840663,6.0432525601505915e-06,2.5523136141246486e-05
111,0.0762335727869827,4,RNF152,205.39803744898202,10.096062948385883,-613.6568069941263,-4.315163593545682,0.13527534423405427,SE,1056,0.001245207811641538,0.2106785018434229,0.0010170936584472656,1255.1625878453174,-622.5407159056999,8.883908911573599,0.0028769492113964734,0.007116663838717592
112,0.011366279913525245,4,RNF169,205.39803744898202,72.46915900170016,-469.17359896584185,-4.220170643981169,0.07698872806356928,SE,1056,7.876532129382791e-05,0.46274344280878277,0.002238035202026367,966.1961717887485,-471.42814159877,2.254542632928178,0.13322281119064583,0.16334275111200924
113,0.022235138229298883,4,SAMD12,205.39803744898202,36.63791421350779,-705.4659712860378,-4.051470008015741,0.08961323920797712,SE,1056,0.00013464944587084413,0.21612449543324153,0.0023810863494873047,1438.7809164291402,-709.975609851514,4.50963856547628,0.03370436212545802,0.05110016193214603
114,0.02713102805172297,4,SLC35B4,205.39803744898202,29.876123867559784,-667.4255303134457,-4.772407164979889,0.12806987239529635,SE,1056,0.0001429204551152511,0.15717380724832752,0.0025949478149414062,1362.7000344839562,-673.0796534312834,5.654123117837685,0.017414379804313262,0.03108136142288823
115,0.06901147052075954,4,SLC38A1,205.39803744898202,11.239815899000346,-604.4608725488692,-4.772727632685299,0.15754861947972604,SE,1056,0.00023736219866009838,0.04764843177315356,0.0012128353118896484,1236.7707189548032,-624.9004079947523,20.439535445883052,6.154515097889224e-06,2.5523136141246486e-05
116,0.03586191793952364,4,SLC9A2,205.39803744898202,22.399683091540396,-758.779185314728,-4.204813259255041,0.11015158880724059,SE,1056,0.00012004664474695307,0.07827125248363394,0.0021479129791259766,1545.4073444865207,-772.8144702693144,14.03528495458636,0.00017941221907313842,0.0006452846055100214
117,0.00330346376284894,4,SMIM5,205.39803744898202,251.37932228747448,-629.9747385056844,-4.115510581580091,0.04078506818614758,SE,1056,0.00013445944146962938,9.044875748442562,0.002237081527709961,1287.7984508684335,-630.2476863650503,0.2729478593658996,0.6013611432622623,0.6100138215825827
118,0.042933099895914865,4,SOD2,205.39803744898202,18.573177056960237,-557.7430112837994,-3.919585950135228,0.09793479702116799,SE,1056,0.0004893733206777484,0.22901920901359643,0.0016319751739501953,1143.3349964246636,-564.6676999884122,6.924688704612777,0.008501378924878789,0.016883020118421257
119,0.005654211974053851,4,STARD9,205.39803744898202,146.5215491445667,-500.2395472201015,-3.715027454433387,0.044728000601419925,SE,1056,0.00033624305435879086,7.796467526338861,0.0021238327026367188,1028.3280682972677,-500.59754199549536,0.3579947753938768,0.5496220004063082,0.5632008499276402
120,0.025928917777247814,4,THSD4,205.39803744898202,31.299861017764513,-600.5933683339374,-3.974371783511895,0.08902523438836285,SE,1056,0.0001056309603652759,0.12656788094832125,0.002368927001953125,1229.0357105249395,-606.4335765392692,5.840208205331805,0.015663972997297937,0.0283156434951155
121,0.06745955064552998,4,TLN1,205.39803744898202,11.517557361988136,-125.59488639056258,-4.31974064447768,0.12195658139680939,SE,1056,0.00040431174808081265,0.08442668757385233,0.001859903335571289,279.03874663819,-136.15615035132214,10.561263960759561,0.0011548220329591352,0.0032565981329447614
122,0.02214901909876559,4,TMOD2,205.39803744898202,36.783608142229824,-687.5057392115452,-4.089539215822773,0.09089188745286167,SE,1056,0.0003452646631143549,0.5583028858018572,0.0018520355224609375,1402.8604522801552,-690.1818730034195,2.6761337918742356,0.10186275842158377,0.12598814857406412
123,0.013744501067140528,4,TNRC6A,205.39803744898202,59.78560212964136,-379.81160625814937,-4.147810010562962,0.0790502243760202,SE,1056,0.0003631781709331137,1.4735128935378714,0.0028238296508789062,787.4721863733636,-380.6614246413235,0.8498183831741244,0.35660372135790175,0.3897761605539856
124,0.06263249678535653,4,TPR,205.39803744898202,12.469421851426024,-320.50715977742607,-4.724731463935133,0.14539135316821516,SE,1056,0.0005674886512934614,0.13489861062050887,0.0016210079193115234,668.863293411917,-328.52710306198765,8.019943284561577,0.004626501914288039,0.010192762029915836
125,0.05078361897019885,4,TSPAN3,205.39803744898202,15.5731951955543,-645.3109470309776,-3.6826650540675514,0.09319772922669188,SE,1056,0.00041017492688077604,0.14154480903158015,0.0009899139404296875,1318.4708679190198,-656.3867746145739,11.075827583596379,0.0008746037663751594,0.002613602909564597
126,0.0023906412846482943,4,TSTD2,205.39803744898202,347.6820332562341,-567.3332287268308,-4.0524348206188785,0.0320290547873765,SE,1056,0.0009936609416518187,127.14843169617204,0.002682924270629883,1162.5154313107264,-567.3973077959334,0.06407906910260408,0.8001612362226684,0.8058766736242589
127,0.0170259802271658,4,TTPAL,205.39803744898202,48.10232453305928,-415.75616043988884,-4.276690690222255,0.08977000770495089,SE,1056,0.0004628337454307336,1.2403371241356809,0.002368927001953125,859.3612947368425,-417.206223139912,1.4500627000231816,0.22851789202695194,0.26410674406393625
128,0.009610496584591401,4,UBR2,205.39803744898202,85.86108049158486,-663.4100058118829,-3.859874383241899,0.06152382167943182,SE,1056,0.0002877137360420996,2.3472859873409555,0.0028810501098632812,1354.6689854808305,-663.9680799229028,0.5580741110198915,0.45503725487764934,0.47880785774439216
129,0.0060537980415359205,4,UMPS,205.39803744898202,136.79527577372866,-639.5991491931941,-4.394741897179845,0.06460894936646018,SE,1056,8.011710427130865e-05,1.6232202706163987,0.002712726593017578,1307.0472722434529,-640.3499259381822,0.7507767449881158,0.3862304200973685,0.4128575598366236
130,0.006284526696377478,4,USP24,205.39803744898202,131.74241677363113,-473.0431555244568,-4.06980889066253,0.056214557630609494,SE,1056,9.313464465286822e-05,1.7526266124819978,0.002663850784301758,973.9352849059784,-473.8019949488414,0.7588394243846324,0.3836919660032352,0.4128575598366236
131,0.07479555652961282,4,USP34,205.39803744898202,10.306188019399434,-181.65232991066864,-4.112757123565578,0.1140691937436604,SE,1056,0.0004101799220111766,0.0716922276039966,0.002627134323120117,391.1536336784021,-191.52352151056903,9.871191599900385,0.0016788674166041684,0.004629826267545261
132,0.0729827493922561,4,USP8,205.39803744898202,10.582876917447383,-644.641025522081,-4.177485073362252,0.12751967857148264,SE,1056,0.001613880230894193,0.29418684087806857,0.001068115234375,1317.1310249012267,-653.6664444075458,9.025418885464774,0.0026625090518601624,0.006825705023859689
133,0.07851861437359647,4,USP9X,205.39803744898202,9.778001262418957,-195.33251384863274,-4.693583840602673,0.14769695656553852,SE,1056,0.0006236362361193164,0.10034581790117945,0.0012218952178955078,418.5140015543303,-208.98138834764313,13.64887449901039,0.0002203733773045169,0.0007578694195106557
134,0.04789392786257965,4,VPS13D,205.39803744898202,16.563077289793732,-570.6053558059291,-4.193219882797037,0.1139169130489107,SE,1056,0.00022391125610775778,0.08588332205656189,0.0019500255584716797,1169.059685468923,-581.8629398632429,11.257584057313807,0.000792983528670077,0.00243066690309741
135,0.009966479571219045,4,XDH,205.39803744898202,82.7645327369261,-516.0811102379462,-3.598462767794382,0.053963430284598296,SE,1056,0.0005251871714822907,3.9899340107837404,0.0017507076263427734,1060.011194332957,-517.063254593208,0.9821443552617666,0.3216699722038201,0.3599640165137987
136,0.04401657770295701,4,XKR5,205.39803744898202,18.09548540762035,-578.882171245745,-4.647577220888963,0.13520869551441875,SE,1056,0.0002762454369581208,0.12352518813742631,0.0015637874603271484,1185.6133163485547,-587.4799170471441,8.597745801399128,0.003365793544943596,0.008182360169604259
137,0.006030805616632607,4,YIPF4,205.39803744898202,137.3199837508319,-586.5786908098671,-3.255557813976212,0.035896548754844715,SE,1056,0.00020479967545561397,4.180664247670025,0.0018837451934814453,1201.006355476799,-586.99285122821,0.4141604183429308,0.5198653589674733,0.5389780559883364
138,0.021483306698509463,4,ZBTB43,205.39803744898202,37.94925546289841,-568.851553729223,-3.9274326938367636,0.0824132412269303,SE,1056,8.405398755502954e-05,0.14408030945527608,0.0025839805603027344,1165.5520813155108,-575.0207568742469,6.169203145023857,0.012999314830908548,0.024768964745379804
139,0.06211930184410351,4,ZCCHC6,205.39803744898202,12.579320467916796,-406.39761913125085,-4.2417866012213965,0.12008258244937804,SE,1056,0.00024642274475612634,0.05942970074297745,0.0026280879974365234,840.6442121195665,-418.5643239481765,12.16670481692563,0.0004865017789651427,0.0015590170644110253
140,0.020292367000330745,4,SSH1,398.54462795308615,27.451562703882683,-571.6918100197365,-4.272495735514606,0.052770474930328465,SE,1056,0.00014957710174063623,0.28598188756619897,0.0012810230255126953,1171.2325938965378,-576.4359591509749,4.744149131238373,0.029398088188874016,0.04657449926551951
